ArticleId,Text,Category
1,rebuilding future depends bank respond crisis jonathan alles,business
2,emirate resume colombo male flight st september,business
3,lolc reclaims crown valuable stock,business
4,cse total market turnover hit r billion within first eight month,business
5,sunshine holding drive business value transformation microsoft cloud service,business
6,expolanka record per cent price appreciation,business
7,combank becomes biggest lender sme sector among bank,business
8,sri lanka export surpass u billion mark july,business
9,laugfs gas still quest achieve equilibrium price,business
10,sampath bank introduces sl first touchless cash withdrawal across atm network,business
11,insee cement running full production capacity meet local demand,business
12,capital market donation drive provides covid related medical equipment hospital,business
13,sri lanka purchasing manager index july,business
14,orient finance continues growth momentum th anniversary year,business
15,cse recovers shaky start reap turnover r billion,business
16,buy meal launched support tourism hospitality industry,business
17,dhammika perera enters commercial bank top shareholder list,business
18,sri lanka take global market lead value added tea export report,business
19,fly emirate dubai visit world one place complimentary expo pas,business
20,hayleys purchase million share unisyst engineering,business
21,abans demonstrates outstanding performance q fy pbt r bn,business
22,baby cheramy launch new herbal cologne infused natural extract kohomba sandalwood,business
23,bajaj genuine part genuine oil online,business
24,prime land amber skye negombo close sale le day,business
25,cocacola clock year sri lanka,business
26,dfcc bank national longterm rating affirmed fitch rating alka,business
27,notable buying interest cse,business
28,combank notch rd r trillion mark balance sheet dynamic q,business
29,panic selling foreign investor cse,business
30,airtel g revolutionises telecom industry firstofitskind freedom pack,business
31,samsung launch bingemonster galaxy segmentbest display sri lanka,business
32,young entrepreneur find worth plastic waste,business
33,dialog enterprise partner mihcm launch mihcm lite small medium business,business
34,land valuation indicator first half,business
35,realme sell million handset globally three year,business
36,leasing loan facility acquiring registered vehicle assetline,business
37,cruise ship call hambantota port bunkering,business
38,teejay lanka month group revenue r billion,business
39,china export growth slows global risk cloud outlook,business
40,swiss expert together baurs design scientific plan viable organic agroecosystem,business
41,global sysco lab expert offer insight enterprise mobile development,business
42,jetwing mmbl pathfinder premier houseboat joint venture,business
43,oppo unveils next generation underscreen camera technology delivering immersive full screen experience,business
44,hnb upgrade solo robust bill payment biometric feature,business
45,sunquick lanka great place work certified,business
46,softlogic life lauded among asia best workplace,business
47,assetline leasing recognised slim people award,business
48,airport aviation service ramp digital transformation ifs,business
49,real question whether sl go imf verit research,business
50,pan asia bank impressive performance,business
51,global technology company hcl take office cinnamon life sri lanka hub,business
52,cse index rise turnover hit r billion,business
53,aqua dynamic named among best workplace asia,business
54,seylan bank launch stateoftheart data centre colombo,business
55,armx mark international security officer day,business
56,abha herbal black henna introduces new ecofriendly packaging,business
57,vallibel finance profit soared june quarter new loan,business
58,john keells property welcome new resident suite cinnamon life,business
59,debottlenecking strained supply chain covid pandemic beyond,business
60,sltmobitel launch first ever fullymanaged true sd wan service embracing intent based networking approach enterprise customer,business
61,people leasings r billion three five year debenture oversubscribed,business
62,standard chartered sri lanka certified great place work third consecutive year,business
63,hsbc sri lanka win three international award,business
64,sdb bank geared lkr billion spo,business
65,sri lanka tourism introduces elearning platform sltda registered tourist guide,business
66,automobile component manufacturer surpass employment appointment western province slacma,business
67,top real estate developer identified new riu brand heath survey,business
68,bogala graphite ambean holding make presence felt cse,business
69,piramal glass report quarterly turnover growth,business
70,sltmobitel launch sd wan service enterprise customer,business
71,sampath bank introduces helpline business startup advisory service,business
72,john keells hotel expects pentup demand travel tourism travel restriction removed,business
73,power capital mark th anniversary,business
74,two option left concerned shareholder adam investment,business
75,altair track,business
76,cheering campaign support team sri lanka tokyo,business
77,seylan bank drive mindset change,business
78,dialog axiata group first quad play telco south asia receive iso certification,business
79,three year warranty preowned vehicle amw,business
80,cse see selling pressure net foreign outflow hit r billion,business
81,tea industry expected contribute million extra revenue public coffer,business
82,mixed tendency cse authority take positive stand billion bond repayment,business
83,nation trust bank unlisted debenture oversubscribed upon opening,business
84,combank ranked strongest bank brand sri lanka,business
85,hayleys fabric cut carbon footprint sri lankas largest solar roof,business
86,srilankan airline intensifies survival strategy,business
87,coconut introduces freshly grated coconut market,business
88,sri lanka insurance hold annual general meeting via zoom online platform,business
89,taxperts clinch national ingenuity award technological revolution taxation,business
90,hnb ranked among top world bank,business
91,aia make asia list best workplace,business
92,ceylinco life open latest green branch company land piliyandala,business
93,icees partner toyota engineering corporation bring true lean capability sri lanka,business
94,successful completion fourth acl sax conductor installation project,business
95,dfcc bank embarks sustainable journey,business
96,litro gas encouraging industrial sector interfuel conversion,business
97,allianz insurance hsbc sri lanka partner offerworldclass insurance product hsbc premier customer,business
98,tecno optimistic product well received sl market,business
99,sdb bank issue share belgian investment company,business
100,u want sl ensure level playing field u investor sri lanka,business
101,night time terror insomnia,health
102,listen hair talk,health
103,worry forgetfulness,health
104,alternative treatment osteoarthritis,health
105,sunglass dr jekyll mr hyde tale,health
106,keeping hand clean,health
107,chronic pain tied faster memory decline old age,health
108,blood pressure control,health
109,handling workplace stress,health
110,need know morning sickness,health
111,road fitness cardio,health
112,cholesterol control,health
113,exercise may reduce metabolic syndrome risk worker,health
114,silent enemy kidney disease,health
115,pain important indicator,health
116,drug good servant extremely bad master,health
117,detoxification decoded,health
118,stroke prevented know,health
119,hidden threat antibiotic,health
120,physical exercise,health
121,migraine headache know,health
122,disease plague gum,health
123,vitamin vitality,health
124,living diabetes,health
125,exercise influence longevity,health
126,fact diabetes,health
127,commuter often exposed damaging noise level,health
128,toxic tobacco let drop smoking habit,health
129,bmi keeping check child weight,health
130,clicking away youth,health
131,dealing vitamin deficiency,health
132,eye becomes lazy,health
133,yellow fever colourful disease,health
134,changing diet one work,health
135,know manage asthma,health
136,blood refuse clot,health
137,sri lanka done well aware cancer,health
138,flu increase risk heart attack,health
139,handling thalassemia threat,health
140,wonder microbe world,health
141,battle acne medical memento,health
142,eat confidently prolong life,health
143,arthritis osteoporosis spondylitis much,health
144,brace malocclusion correction,health
145,ayurveda method burning fat fast,health
146,heartfelt hope healthy life,health
147,ayurvedic method curing headache,health
148,poor anger control illness,health
149,vaccinate every child immunization save life,health
150,ayurveda cure influenz,health
151,deal congenital heart disease,health
152,eliminating stigma associated mental disorder,health
153,preserve life minimising food preservative,health
154,fact myth fat starch,health
155,treating varicose vein laser treatment,health
156,preventing kidney function failure,health
157,ayurvedic cure premature grey hair,health
158,blood group pregnancy mother,health
159,preventing premature heart attack,health
160,aware cataract strike,health
161,manage type diabetes,health
162,reticulocyte count blood test worth knowing,health
163,taking care foot,health
164,child suffer asthma,health
165,mother negative blood group,health
166,hand fracture treated plastic surgeon,health
167,pain dreaded symptom,health
168,handle irritable bowel syndrome,health
169,creator stroke,health
170,close look iron deficiency anaemia,health
171,opposition road ahead critique radical centre,politics
172,fight free education end kndu bill,politics
173,recollection black july anuradhapura oasis peace,politics
174,jvp congratulates china communist,politics
175,sri lankas century humiliation,politics
176,reflecting ranil,politics
177,political nostalgia land forgetting,politics
178,champikas challenge,politics
179,military officer cadet nation promise future,politics
180,opposition,politics
181,nation nationalist nationalism,politics
182,prerogative following geneva kangaroo court decision,politics
183,march come go sri lanka remain resilient,politics
184,unhrc end justifies mean,politics
185,jvp select committee member alleges indian hand easter sunday blast,politics
186,march tweet angst mild sabrerattling,politics
187,dayan jayatilleka opposition reset,politics
188,government unhrc people,politics
189,time geneva circus replete molehill mountain,politics
190,there movement within without party nation,politics
191,innocence guilt accusation punditry,politics
192,burgher ceylonsri lanka reminiscence anecdote,politics
193,budget presented amid celebration acquittal,politics
194,need new constitution,politics
195,silent death constitutional holy cow,politics
196,drafting new constitution begin,politics
197,dual citizen foreign funded local,politics
198,closer scrutiny criticism,politics
199,draft urgent urgent,politics
200,reconsidering th amendment,politics
201,illfated laid rest,politics
202,yahapalana project failed,politics
203,grs opportunity remint sri lanka,politics
204,circular firing squad minority politics,politics
205,sjb manifesto sidestep constitutional reform,politics
206,government crisis calendar overflowing rajitha,politics
207,road ahead left,politics
208,mangala,politics
209,foreign minister gl peiris cant succeed,politics
210,political history post sri lanka,politics
211,new repressive rule leftdemocratic resistance,politics
212,reflection sri lankas political memers,politics
213,db wijetunga became executive president sri lanka,politics
214,city sri lanka whats behind name,politics
215,reflection slfp,politics
216,alternative alternative,politics
217,regime religious farright v church militant,politics
218,runofthemill administration,politics
219,gr sentence impact indolanka relation tamil politics,politics
220,politicsin defence jvp,politics
221,jayawardenes brilliance take southern brave hundred title,sports
222,rcb rope hasaranga chameera ipl,sports
223,indian cricket become formidable force,sports
224,sri lanka player sign national contract till end,sports
225,mixed relay team make notable debut,sports
226,de kock miller ngidi miss odis sri lanka,sports
227,quan hongchan score perfect ten win woman platform diving gold,sports
228,making olympic dream reality,sports
229,banned,sports
230,cricket greatest today,sports
231,wildcards gymnast make early exit,sports
232,practical idea young high jumper athlete parent teacher coach,sports
233,lanka female police officer selected olympics boxing judge,sports
234,sugandi placed third relay team advance final,sports
235,lesson worth learning,sports
236,england get job done win czech,sports
237,sportsman sponsor ambush marketing,sports
238,battle flare resilience,sports
239,novak djokovic toil face rafael nadal french semi,sports
240,asian zonal hybrid chess championship start today,sports
241,navy tehani shoot sri lanka tokyo olympics,sports
242,door closed senior player arthur,sports
243,sri lanka search answer bangladesh eye clean sweep,sports
244,slr must put player bio bubble,sports
245,sri lanka athletics announces fate future event,sports
246,tharushi qualifies world junior championship,sports
247,herculean task athlete strive olympic qualifying standard odds,sports
248,sri lanka athletics advance weekend event avoid travel restriction,sports
249,bringing cricket glory day back,sports
250,bangladeshsri lanka odi series held dhaka,sports
251,sri lanka havent played international cricket since onset covid pandemic march,sports
252,dilshi stamp class national record,sports
253,fate nalanda hand richmond prince wale,sports
254,sri lanka misread pallekele wicket,sports
255,buwaneka ranthushka dilmi ranithma clash men woman single title,sports
256,await fast bowling fest,sports
257,dilshan join gamerlks singer esports premier league,sports
258,podi malinga set big thing,sports
259,domestic cricket overhauled,sports
260,dinesh herath win historic gold sri lanka break world record javelin,sports
261,kamindu mendis recalled south africa series,sports
262,herath creates history paralympics dulan win bronze,sports
263,spin trial could backfire,sports
264,sri lanka secure hard fought win protea,sports
265,rookie star sri lankas series win protea,sports
266,sri lanka team leave davis cup,sports
267,rare opportunity yupun today diamond league meet zurich,sports
268,yupun finish ninth gain valuable experience,sports
269,keep training uninterrupted biggest challenge athlete centenary year,sports
270,sri lanka athletics give priority asian game,sports
271,instagram require user share birthday amid youth safety push,technology
272,australian scientist develop painfree blood sugar test diabetic,technology
273,india organise twoday summit green hydrogen initiative involving brics nation,technology
274,tiktok given month respond claim eu consumer right breach,technology
275,vietnam coronavirus outbreak threatens disrupt tech supply chain,technology
276,facebook deploys special team israelgaza conflict spread across social medium,technology
277,control chinese rocket land indian ocean,technology
278,pill covid available soon,technology
279,planet triplestar system discovered,technology
280,hot superearth discovered lightyears away,technology
281,spotify launched sl,technology
282,lk domain registry discovers credential compromised system user account,technology
283,china mar probe successfully reach red planet,technology
284,twitter suspends ten thousand account dedicated sharing qanon content,technology
285,china change mission return moon sample,technology
286,cyberpunk warning future,technology
287,facebook face u lawsuit could force sale instagram whatsapp,technology
288,china ban apps including tripadvisor,technology
289,google service including gmail youtube google doc hit widespread outage,technology
290,india asks twitter remove account government source,technology
291,sl cert issue warning free data scam,technology
292,nasa share first recording perseverance firing laser mar,technology
293,nasa rover make breathable oxygen mar,technology
294,huawei plan launch new operating system phone june,technology
295,facebook suspends trump account two year,technology
296,singapore unveils one world biggest floating solar panel farm,technology
297,tesla likely restart accepting bitcoin payment musk,technology
298,apple child protection feature spark concern within rank,technology
299,instagram require user share birthday amid youth safety push,technology
300,nkorea test first strategic cruise missile possible nuclear capability,technology
301,tiktok roll support combat suicide search,technology
302,google celebrates rd birthday,technology
303,youtube remove antivaccine misinformation,technology
304,captain kirk embark reallife journey space,technology
305,facebook instagram whatsapp restored hourslong blackout,technology
306,window launch redesigned start menu,technology
307,sl remit facilitate foreign remittance,technology
308,kapruka launch cryptocurrency payment,technology
309,instagram require user share birthday amid youth safety push,technology
310,australian scientist develop painfree blood sugar test diabetic,technology
311,india organise twoday summit green hydrogen initiative involving brics nation,technology
312,tiktok given month respond claim eu consumer right breach,technology
313,vietnam coronavirus outbreak threatens disrupt tech supply chain,technology
314,facebook deploys special team israelgaza conflict spread across social medium,technology
315,control chinese rocket land indian ocean,technology
316,pill covid available soon,technology
317,planet triplestar system discovered,technology
318,hot superearth discovered lightyears away,technology
319,spotify launched sl,technology
320,lk domain registry discovers credential compromised system user account,technology
321,china mar probe successfully reach red planet,technology
322,twitter suspends ten thousand account dedicated sharing qanon content,technology
323,china change mission return moon sample,technology
324,cyberpunk warning future,technology
325,facebook face u lawsuit could force sale instagram whatsapp,technology
326,china ban apps including tripadvisor,technology
327,google service including gmail youtube google doc hit widespread outage,technology
328,india asks twitter remove account government source,technology
329,sl cert issue warning free data scam,technology
330,nasa share first recording perseverance firing laser mar,technology
331,nasa rover make breathable oxygen mar,technology
332,huawei plan launch new operating system phone june,technology
333,facebook suspends trump account two year,technology
334,singapore unveils one world biggest floating solar panel farm,technology
335,tesla likely restart accepting bitcoin payment musk,technology
336,apple child protection feature spark concern within rank,technology
337,esports declared official sport sri lanka,sports
338,dinesh chandimal join sl army today,sports
339,sri lanka arrives karachi sl v pak series,sports
340,oshada fernando wanindu hasaranga star sri lanka whitewash pakistan,sports
341,south asian game sri lanka secures gold medal athletics year,sports
342,sri lanka clinch gold medal,sports
343,sri lanka defeat india athletics sag,sports
344,annual sri lanka cricket award held colombo,sports
345,dimuth karunaratna ranked th icc test batting ranking,sports
346,sri lanka cricket apology cricket fan sooriyawewa assault,sports
347,angelo mathews score maiden double century,sports
348,three cricket stadium limbo despite plan new stadium,sports
349,icc say sanction loan homagama stadium,sports
350,mahela jayawardena chair national sport council,sports
351,lanka premier league postponed november slc,sports
352,thisara perera retires international cricket,sports
353,yearold sri lankan make history international karting win belgium,sports
354,sri lanka cricket appoints new selection committee,sports
355,th anniversary sri lankas victory cricket world cup celebrated temple tree,sports
356,murali named valuable test player st century,sports
357,federer say thrilling semifinal nadal everything,sports
358,copa america win shut brazil critic neymar,sports
359,messi get second red card career clash chile,sports
360,djokovic beat federer wimbledon epic win fifth title,sports
361,u soccer fan take france ahead world cup final,sports
362,brazil beat argentina reach copa america final,sports
363,tokyo olympic stadium finished set open december,sports
364,fought multiple time im tired lasith malinga,sports
365,venus defeat year old gauff wimbledon,sports
366,wood take stroll pebble memory lane,sports
367,andy ruiz jr break anthony joshua record,sports
368,carapaz hold nibali roglic loses ground giro,sports
369,rugbyinjured pocock call time brumbies target world cup,sports
370,leclerc dream lauda memory stir monaco emotion,sports
371,barcelona superstar messi awarded catalan creu de sant jordi honour,sports
372,fognini upset zverev reach monte carlo quarterfinal,sports
373,tiger back tiger secures fifth master title,sports
374,sl v ban world cup encounter abandoned,sports
375,nadal beat thiem claim recordstretching th french open title,sports
376,hamilton win canada following vettel penalty,sports
377,fifa vote new club world cup,sports
378,hathurusinghe recalled sri lanka,sports
379,sumo champion kisenosato retires,sports
380,cristiano ronaldo accused tax fraud,sports
381,five time grand slam champion maria sharapova australian open,sports
382,british villager battle mud medeival haxey hood game,sports
383,virat kohli pass international run,sports
384,germany beat spain hopman cup opener,sports
385,sri lanka win st deaf world cup beating india,sports
386,norway carlsen win world chess championship fourth time,sports
387,let cough tb,health
388,keep sugar level control get right prescription exercise,health
389,fighter put lighter addiction tobacco overcome,health
390,painkiller really kill pain,health
391,childhood sans pressure,health
392,giving gift life,health
393,tackling sleep disturbance old age,health
394,keto dieter,health
395,pain swelling outside joint enthesitis,health
396,preventing exposure morning sunlight spoil health,health
397,exercise help reduce blood pressure,health
398,let keep blood pressure control,health
399,let make easy breathe,health
400,liver consumption good bad,health
401,wake healthy life,health
402,victim food allergy,health
403,lactose intolerant,health
404,yesterday tomorrow brief history cancer,health
405,know dementia,health
406,aware calcium deficiency,health
407,thing know cholesterol,health
408,fruit throw away lollipop,health
409,copd lifelong malady lung,health
410,daily routine sound oral hygiene,health
411,health hazard mosquito coil smoke,health
412,reason diabetes pregnancy,health
413,maintain beauty delivery,health
414,chemotherapy curative option,health
415,mosquito frequently attack,health
416,spreading awareness lung cancer,health
417,sri lanka arduino day,technology
418,pickme linear squared join global program startupsmicrosoft scaleup,technology
419,mobitel offer newlylaunched next generation samsung galaxy se store,technology
420,stax digital customer experience audit help better understand digital maturity,technology
421,c framework creating value,technology
422,manage data slt selfcare mobile app,technology
423,important facebook remain free,technology
424,huawei launch latest generation series dewdrop display,technology
425,egg regular egg instagrams mostliked post ever,technology
426,dialog recognized sri lankas fastest mobile network,technology
427,new super powerful galaxy note,technology
428,microsoft paint killed year,technology
429,review oppo f plus selfie expert flawless smartphone experience,technology
430,six fact new nokia,technology
431,kanchayudha sri lankas biggest story based role playing game,technology
432,art remembering everything,technology
433,apple kill old school usb port new macbook pro,technology
434,make quicker transaction ewallet,technology
435,farmer grow vegetable desert using solar energy seawater,technology
436,let talk meme time technology,technology
437,thing know ewallet,technology
438,everything need know new iphone,technology
439,thing know bitcoin,technology
440,janashakthi appathon challenge,technology
441,mastercard unveiled new logo first time two decade,technology
442,lenovo set reveal nextgen vrar hardware here know far,technology
443,facebook user express concern possible dislike button,technology
444,engineering student extinguish fire sound,technology
445,subject twitter launch objective based campaign,technology
446,kaspersky lab latest flagship home user product revealed,technology
447,tube ad format,technology
448,facebook video ad,technology
449,google building selfdriving car driver seat steering wheel,technology
450,microsoft see end nokia loss share rise hour,technology
451,communist party remove raja collure chairman,politics
452,daham sirisena enters active politics slfp posting,politics
453,afghan situation could impact sl coastal nation ambassador,politics
454,sl authority must end violence discrimination muslim ai,politics
455,diana gamage expelled sjb informs parliament secy gen,politics
456,mp rathana thera expelled party,politics
457,indian gen naravane call president rajapaksa,politics
458,president order probe excaa officer allegation,politics
459,jeevan thiagarajah sworn northern province governor,politics
460,people distrust govt unexpected,politics
461,diana gamage lash sjb,politics
462,tisl complaint ciaboc nirupama,politics
463,annulment state ministry held cabraal,politics
464,govt loses mark asgiriya chapter,politics
465,innocent appoint independent investigator thirukumar,politics
466,sl solve issue democratic system president,politics
467,indian foreign secy meet fm peiris,politics
468,aluthgamage test covid positive gammanpila go selfisolation,politics
469,govts tax relief aggravated economic crisis akd,politics
470,sajith asks govt acknowledges new covid wave,politics
471,verbal sexual harassment charge raised pliament speaker say involvement,politics
472,controversy surround death bathiudeens maid brother claim shes unable scribble english,politics
473,basil promise father figure say take unpopular decision,politics
474,mr retains several key institution previously held finance minister,politics
475,peasantry middleclass,politics
476,slpp made majority winning party parliament namal rajapakse,politics
477,unp name sajith pm candidate sajith lead new alliance,politics
478,sajith premadasa get sweeping power new alliance,politics
479,unp crisis widens senior sacked working committee,politics
480,joint leader slpp slfp,politics
481,telephone conversation old new pm,politics
482,slpp war maha oya,politics
483,need new leadership fresh start mano ganesan,politics
484,ranjan ramanyake remanded,politics
485,serious political intervention ag matter sumanthiran,politics
486,ranjans parliament speech includes blatant lie mp gammanpila,politics
487,minister keheliya rambukwella former chairman state printing jayantha sri bandara heenkenda released charge,politics
488,additional security requested former prime minister ranil wickremesinghe,politics
489,jvp call speaker table cbsl forensic audit,politics
490,parliamentarian jayampathi wickremeratne resigns,politics
491,sajith premadasa meet local politician,politics
492,ranjans recording tabled parliament,politics
493,slfp fill vacant organizer post,politics
494,hope go forward broad alliance upcoming election sajith premadasa,politics
495,ranil walked unp meeting harsha,politics
496,unp leadership final decision today,politics
497,ranjans recording used get duminda silva released field marshal sarath fonseka,politics
498,country doldrums r sampanthan,politics
499,chandrika bandaranaike kumaratunga invited swrd bandaranaike memorial,politics
500,central committee slfp convene tomorrow,politics
501,foreign investor return sri lankan bond month,business
502,sl heading economic recession analyst warn,business
503,state vat conession good,business
504,central bank surprisingly cut key rate basis point,business
505,sri lanka print r bn april economic crisis continues,business
506,sri lankas headline inflation dip april,business
507,trading colombo stock exchange halted following sp sl index falling,business
508,sri lanka achieve growth rate,business
509,finance leasing sector face added pressure consolidation,business
510,tax cut increase fiscal defecit,business
511,spain fullback jordi alba back messi criticism performance,sports
512,chandimal hathurusinghe gurusinghe hot water icc,sports
513,sri lankan cricketer take stand ball tampering allegation,sports
514,sl men relay team win big th asian junior athletic championship,sports
515,breaking news power sri lanka cricket vested sport min secretary,sports
516,ashan silva ishan dissanayake win big th fox hill supercross,sports
517,sangakkara replaces warne sky sport commentary,sports
518,sri lankan boxer anusha advance semifinal commonwealth game,sports
519,silver indika dissanayake commonwealth game,sports
520,sri lankan sprinter rumeshika rathnayake brings glory country,sports
521,need increase gross domestic production sajith premadasa,politics
522,speaker comprehend public mandate vasudeva nanayakkara,politics
523,patali champika report ccd,politics
524,rajitha senaratne transferred prison hospital,politics
525,former unp mp justin galappaththi pass away,politics
526,parliament seat opposition leader reserved sajith premadasa karu party leader,politics
527,president pm acknowledges slfps support mahinda amaraweera,politics
528,patali champika ranawaka seek forgiveness country political mistake,politics
529,slfp organizer treated differently working tirelessly election dayasiri jayasekara,politics
530,bribery case keheliya closed,politics
531,google ad combining social display,technology
532,facebook trend,technology
533,lolc technology hold information security awareness session,technology
534,srilankan expands reach central asia siberian airline,technology
535,credit card detail million south korean stolen,technology
536,ilfc srilankan airline sign year lease agreement three,technology
537,apple refund parent whose kid made inapp purchase,technology
538,qualcomm ceo say still dark china antitrust probe,technology
539,intel dive wearable new smartwatch headset device,technology
540,etel unveils latest smart phone curiosity,technology
541,google acquires developer military robot,technology
542,adobe creative cloud subscriber growth impress investor,technology
543,twitter share touch new high sail past,technology
544,alibaba invests million appliance maker big good logistics,technology
545,technology firm seek government surveillance reform,technology
546,dutch privacy watchdog say google break data law,technology
547,hp enterprise sale pickup stir turnaround hope,technology
548,blackberry shake senior management,technology
549,microsoft sell million xbox one hour,technology
550,apple buy motion sensor maker primesense,technology
551,nokia shareholder expected approve microsoft deal,technology
552,samsung elec say gear smartwatch sale hit two month,technology
553,google microsoft agree measure block abuse image,technology
554,sony sell million playstation unit first hour,technology
555,google defeat author u bookscanning lawsuit,technology
556,twitter introduces selfserve ad outside u,technology
557,microwave signal turned electrical power,technology
558,snowden persuaded nsa worker give password source,technology
559,qualcomm curb spending revenue forecast disappoints,technology
560,microsoft warns user hacker attack,technology
561,google offer live video chat range topic new service,technology
562,google spend another million euro finnish data center,technology
563,android snag record percent smartphone market,technology
564,anonymous hack singapore newspaper website,technology
565,snowden leak google outraged alleged nsa hacking,technology
566,twitter go eyecatching look,technology
567,apple result disappoint ahead holiday quarter,technology
568,apple ibeacon,technology
569,ship tracker vulnerable hacking expert warn,technology
570,dna analysis uncovers genetic error behind major cancer,technology
571,htc ceo step back focus fixing smartphone slide ft,technology
572,intel delay broadwell pc chip production,technology
573,burberry name bailey ceo ahrendts quits apple,technology
574,nsa said collect million email address book chat list,technology
575,cyber warrior shortage hit antihacker fightback,technology
576,foxconn admits labour violation china factory,technology
577,sony face long fight clamber smartphone ranking table,technology
578,ford car take control steering avoid collision,technology
579,blackhole malware exploit kit suspect arrested,technology
580,adobe source code customer data security breach,technology
581,battle congenital malformation heart,health
582,take fact heart,health
583,let talk contraception,health
584,paracetamol use wisely never exceed dosage,health
585,handle care,health
586,rising terror tb,health
587,dispelling myth vitamin supplement,health
588,launch two book heart health,health
589,today world aid day,health
590,oral cancer prevention awareness,health
591,healthy hair care,health
592,prone food allergy,health
593,throw fairness cream away,health
594,biofilms silent killer hospital,health
595,stone urethra bladder ayurveda cure,health
596,say yes good oral health,health
597,benign prostatic hyperplasia,health
598,health risk bisphenol,health
599,telltale sign parkinson disease,health
600,oral maxillofacial surgery,health
601,health tip,health
602,nail say health,health
603,helping child develop selfconfidence,health
604,dealing thalassaemia,health
605,sri lankan diet do donts,health
606,bully victim,health
607,pranayama,health
608,ayurveda science life,health
609,wheezing obesity kid,health
610,coping exam stress,health
611,pet medicine pose poison risk kid,health
612,tackling haemorrhoid,health
613,cervical cancer symptom,health
614,ayurvedic medicine sport performance booster,health
615,laser treatment skin condition,health
616,good health necessary prevent ncds,health
617,dangerous microcephaly,health
618,benefit coconut water natural jeewani,health
619,common gene explains people brain age faster,health
620,unite end tuberculosis leave one behind,health
621,health capsule,health
622,sleep essential,health
623,coping postpartum depression,health
624,treatment halt constant vomiting pregnant mother sick,health
625,climate change making people sick u doctor,health
626,take measure help balance,health
627,hyperactivity adhd,health
628,wear tear joint glance,health
629,many exercise option tied better brain function,health
630,controlling childrens temper tantrum,health
631,elephantsaataka deal unp slpp agreement togetherwasantha samarasinghe,politics
632,time sajith premadasa mp take ranil wickremesinghe,politics
633,unp need new face new leadership ranil wickremesinghe,politics
634,slpp symbol popular consider sb dissanayake,politics
635,state minister keheliya rambukwella hint giving politics party loos general election,politics
636,new terrorist threat contained whatever mean necessary pm,politics
637,public elect stable government state minister lakshman yapa abeyawardena,politics
638,president chair meeting official ministry power energy,politics
639,president gotabaya rajapaksa assures medium freedom administration,politics
640,akila virajs claim ranil wickremesinghe party leader personal opinionsm marikkar,politics
641,slfp fully support government upcoming election former president maithripala sirisena,politics
642,remain government sign mcc min weerawansa,politics
643,unp win ranil leader chameera perera,politics
644,appoint politician clean slate request dr sarath amunugama,politics
645,young second tier leadership rw,politics
646,middleeastern country ambassador call president,politics
647,final rite late parliamentarian ranjith de zoysa held today,politics
648,prime minister mahinda rajapaksa visit anuradhapura sacred ground,politics
649,government silent subsidy promised farmer namal karunarathne,politics
650,party tagged along could without support mahinda amaraweera,politics
651,speaker delaying announcement leader opposition part another conspiracy,politics
652,ready win election minister janaka bandara,politics
653,unp parliamentary group meet today,politics
654,remains mp ranjith zoysa returned sri lanka,politics
655,former president maithripala sirisena would attend parliament next three month dayasiri jayasekara,politics
656,resort alternative party leadership handed harin fernando,politics
657,slfpslpp debate party symbol general election,politics
658,parliament prorogued save ranil wickremesinghe,politics
659,parliament prorogued cope discus cbsl forensic audit handunnetti,politics
660,president say would nullify th amendment majority support,politics
661,cabinet paper provide political freedom minister janaka bandara tennakoon,politics
662,former president maithripala sirisena promise rebirth politics,politics
663,vidura wickremenayake assumes duty state minister agriculture,politics
664,opposition leader crisis resolved hour mano ganesan,politics
665,opposition leadership yet finalized speaker,politics
666,sajith call president betray mandate,politics
667,unp need new leadership mp ajith p perera,politics
668,deshapriya request step chairman nec,politics
669,president gotabaya rajapaksa meet indian pm narendra modi,politics
670,tna prepared work president rajapaksa sumanthiran,politics
671,cbsl maintains policy intrest rate,business
672,new income tax regulation affect,business
673,cbsl maintain accommodative monetary policy,business
674,imf approves loan installment usd mn sl,business
675,government introduce new act control cbsl,business
676,sri lankas gross national income increase,business
677,imf state market condition sri lanka normalizing post attack,business
678,sri lanka launch sovereign bond sale international market,business
679,tea earnings drop mn april,business
680,sri lankas growth forecast reduced world bank,business
681,import selected food item limited,business
682,sl aim raise u billion presidential election,business
683,japan india develop colombo port countering belt road,business
684,sri lankan economy remains vulnerable imf,business
685,manufacturing pmi hit record low april,business
686,rupee appreciate end nccsl,business
687,local debt gdp ratio surpasses asian country,business
688,sri lankas growth rate around world bank,business
689,sri lanka ranked th asia ease business,business
690,sri lanka borrow mn china central expressway,business
691,headline inflation decreased december,business
692,sri lanka halve maximum foreign holding limit govt security,business
693,government seek imf approval public spending,business
694,cbsl maintain policy interest rate,business
695,price gold rise,business
696,sri lankan rupee continues crash,business
697,breakdown sri lankas economic issue,business
698,lanka ioc reduces fuel price,business
699,ease business sri lanka jump notch th place,business
700,people bank bod ready step,business
701,current issue banking sector,business
702,petrol super diesel price increased,business
703,finance ministry decide fuel price hike today,business
704,new regulation lead unbearable inflation warning economist,business
705,cse halt trading activity mtd walker plc,business
706,government continues defend economic policy,business
707,legal action prima raising price flour,business
708,jack announce new leadership alibaba,business
709,outlook sl banking system negative moody,business
710,cbsl implement flexible inflation targeting,business
711,nidahas trophy sri lanka start campaign comprehensive win,sports
712,indian cricket team arrives sri lanka play trination tournament,sports
713,slvsban sri lanka cruise comfortable run victory series win,sports
714,fifa world cup trophy colombo display,sports
715,chandika hathurusingha appointed slc head coach,sports
716,sri lanka sense chance newlook india side,sports
717,football real madrid cristiano ronaldo win ballon dor award fifth time,sports
718,ioc ban russia winter olympics,sports
719,three sri lankan cricketer fall ill due polluted air india,sports
720,federer walk semifinal atp world tour final defeating zverev,sports
721,badminton world federation imposes ban sl badminton association,sports
722,cristiano ronaldo beat lionel messi fifa best male player award,sports
723,icc initiate investigation sl alleged corruption sport,sports
724,sanath jayasuriya slc selection committee member hand letter resignation,sports
725,cricket india beat sri lanka inning run,sports
726,niroshan dickwella fined allegedly violating icc code,sports
727,usain bolt begin farewell one last victory jamaica,sports
728,sangakkara retire first class cricket,sports
729,royal college win first leg bradby shield,sports
730,roger federer score th career title,sports
731,bayern munich point clear bundesliga,sports
732,lasith malinga join sl team australian tour,sports
733,m dhoni step odi captain,sports
734,sri lankas track field pride joy susanthika jayasinghe hospitalised,sports
735,barcelona hit copa del rey match hercules,sports
736,maria sharapova return competitive tennis face monica puig puerto rico,sports
737,cristiano ronaldo win ballon dor fourth time,sports
738,sri lanka emerge victorious trination odi series,sports
739,world murray perfect start atp world tour final,sports
740,upul tharanga named skipper series zimbabwe,sports
741,sri lanka formula one,sports
742,sl win gold medal weightlifting junior commonwealth game,sports
743,international olympic committee president speaks tokyo olympics,sports
744,forty second jaffna national sport festival record stellar performance,sports
745,liverpool make comeback defeat swansea,sports
746,barcelona v atletico madrid end deadlock,sports
747,sl win firstever paralympic medal,sports
748,serena williams set grand slam record,sports
749,kumar sangakkara sparkling century see surrey squeeze semi final,sports
750,brazil take germany olympic football final,sports
751,sri lanka highly vulnerable tightening financing condition globally moody,business
752,fixed ce tax tea export,business
753,anomaly sri lankas national debt,business
754,local canned fish producer request increase price,business
755,sri lanka end gross official reserve billion,business
756,sri lankas large state bank short fresh capital fitch rating,business
757,sri lanka among vulnerable economy moody,business
758,current status sri lankan rupee,business
759,sri lankan rupee hit new low u,business
760,srilankan airline hot water wet lease,business
761,north south korean gymnast pose olympic selfie,sports
762,sri lanka bowl australia anxious nd day conclusion,sports
763,rio olympics set begin,sports
764,sl win malaysian leg u asian rugby championship,sports
765,university moratuwa win best newcomer award formula student,sports
766,muttiah muralitharan inducted icc hall fame,sports
767,neymar looking rio gold,sports
768,barcelona agree sign deal andre gomes valencia,sports
769,misbah becomes oldest test centurion year,sports
770,four new national record th national game concludes,sports
771,president gotabaya rajapaksa meet saudi arabian ambassador,politics
772,slpp party leader meeting discus new government,politics
773,slfp begin party reform electoral organiser,politics
774,mp request rw hand party leadership,politics
775,unp provide leadership presidential campaign tissa attanayake,politics
776,vijith wijayamuni zoysa accused supporting unp,politics
777,unp leader ranil wickremesinghe speaks election,politics
778,body former pm jayaratne brought parliament final respect,politics
779,unf party leader want sajith opposition leader,politics
780,commotion sirikotha unp supporter outraged entrance sirikotha remains closed,politics
781,next cancer diagnosis,health
782,dealing stone pouch,health
783,homoeopathy cure dengue strengthening immune system,health
784,getting rid hypertension,health
785,facing dilemma diabetes,health
786,let check cause progeria,health
787,protect wart,health
788,lifestyle change control myopia,health
789,sugarfree food cheat u,health
790,danger hot tea,health
791,science trump force create reallife lightsaber,technology
792,sri lankan scientist win best doctoral thesis award biomechanics high profile international,technology
793,microsoft ceo ballmer bid emotional farewell wall street,technology
794,adobe sell mighty digital pen,technology
795,apple iphone fingerprint scanner get plaudit early review,technology
796,microsoft give bing makeover,technology
797,twitter take first step toward going public,technology
798,real reason apple bit chip make sense,technology
798,virtusa win asia best employer award,technology
798,internet company new effort disclose nsa request,technology
